Min.,1st Qu.,Median,Mean,3rd Qu.,Max.
50,207.5,250,251.09392895659207,292.5,490
40,120,147.5,151.34875611899085,175,322.5
